151036,U748@DOM1,C17693,C305,151036C305C17693
151648,U748@DOM1,C17693,C728,151648C728C17693
151993,U6115@DOM1,C17693,C1173,151993C1173C17693
153792,U636@DOM1,C17693,C294,153792C294C17693
155219,U748@DOM1,C17693,C5693,155219C5693C17693
155399,U748@DOM1,C17693,C152,155399C152C17693
155460,U748@DOM1,C17693,C2341,155460C2341C17693
155591,U748@DOM1,C17693,C332,155591C332C17693
156658,U748@DOM1,C17693,C4280,156658C4280C17693
210086,U748@DOM1,C18025,C1493,210086C1493C18025
210294,U748@DOM1,C18025,C1493,210294C1493C18025
210312,U748@DOM1,C18025,C1493,210312C1493C18025
218418,U748@DOM1,C17693,C504,218418C504C17693
227052,U748@DOM1,C17693,C148,227052C148C17693
227408,U748@DOM1,C17693,C148,227408C148C17693
227520,U748@DOM1,C17693,C148,227520C148C17693
227780,U748@DOM1,C17693,C148,227780C148C17693
228024,U748@DOM1,C17693,C148,228024C148C17693
228150,U748@DOM1,C17693,C148,228150C148C17693
228642,U1723@DOM1,C17693,C231,228642C231C17693
228658,U1723@DOM1,C17693,C231,228658C231C17693
229046,U1723@DOM1,C17693,C231,229046C231C17693
230395,U1723@DOM1,C17693,C1003,230395C1003C17693
234667,U748@DOM1,C17693,C504,234667C504C17693
460197,U748@DOM1,C17693,C721,460197C721C17693
460711,U748@DOM1,C17693,C721,460711C721C17693
460991,U748@DOM1,C17693,C721,460991C721C17693
461842,U748@DOM1,C17693,C1567,461842C1567C17693
463374,U748@DOM1,C17693,C1003,463374C1003C17693
464246,U748@DOM1,C17693,C1567,464246C1567C17693
464254,U748@DOM1,C17693,C1567,464254C1567C17693
464260,U748@DOM1,C17693,C1567,464260C1567C17693
464545,U737@DOM1,C19932,C612,464545C612C19932
466195,U737@DOM1,C19932,C457,466195C457C19932
467590,U1723@DOM1,C17693,C17600,467590C17600C17693
472248,U1723@DOM1,C17693,C2519,472248C2519C17693
472282,U1723@DOM1,C17693,C2519,472282C2519C17693
473122,U1723@DOM1,C17693,C1275,473122C1275C17693
483455,U1723@DOM1,C17693,C294,483455C294C17693
483981,U1723@DOM1,C17693,C294,483981C294C17693
485925,U1723@DOM1,C17693,C294,485925C294C17693
486443,U636@DOM1,C17693,C294,486443C294C17693
488034,U1723@DOM1,C17693,C1275,488034C1275C17693
489614,U1723@DOM1,C17693,C1275,489614C1275C17693
491747,U1723@DOM1,C17693,C294,491747C294C17693
578438,U737@DOM1,C19932,C1065,578438C1065C19932
584551,U825@DOM1,C17693,C2669,584551C2669C17693
584564,U737@DOM1,C19932,C612,584564C612C19932
635015,U737@DOM1,C19932,C529,635015C529C19932
725488,U1653@DOM1,C17693,C395,725488C395C17693
725589,U1653@DOM1,C17693,C2669,725589C2669C17693
725983,U293@DOM1,C17693,C3153,725983C3153C17693
726008,U8946@DOM1,C17693,C1610,726008C1610C17693
726057,U293@DOM1,C17693,C3153,726057C3153C17693
726137,U10379@C3521,C17693,C3521,726137C3521C17693
726203,U293@DOM1,C17693,C3153,726203C3153C17693
726347,U8946@DOM1,C17693,C1124,726347C1124C17693
726387,U293@DOM1,C17693,C3153,726387C3153C17693
726472,U8946@DOM1,C17693,C3199,726472C3199C17693
726973,U293@DOM1,C17693,C3153,726973C3153C17693
726985,U8946@DOM1,C17693,C11727,726985C11727C17693
727060,U8601@DOM1,C17693,C754,727060C754C17693
727131,U212@DOM1,C17693,C126,727131C126C17693
727419,U212@DOM1,C17693,C126,727419C126C17693
727619,U212@DOM1,C17693,C126,727619C126C17693
727702,U8946@DOM1,C17693,C9945,727702C9945C17693
727798,U8946@DOM1,C17693,C9945,727798C9945C17693
727888,U8946@DOM1,C17693,C9945,727888C9945C17693
728106,U4978@DOM1,C17693,C1448,728106C1448C17693
728138,U8946@DOM1,C17693,C9945,728138C9945C17693
728800,U3905@DOM1,C17693,C9945,728800C9945C17693
729056,U995@DOM1,C17693,C1014,729056C1014C17693
730430,U8601@DOM1,C17693,C20819,730430C20819C17693
730524,U8601@DOM1,C17693,C20819,730524C20819C17693
730889,U8601@DOM1,C17693,C18626,730889C18626C17693
731101,U8601@DOM1,C17693,C18626,731101C18626C17693
731492,U288@DOM1,C17693,C1222,731492C1222C17693
736582,U2837@DOM1,C17693,C89,736582C89C17693
736894,U2837@DOM1,C17693,C1484,736894C1484C17693
736936,U2837@DOM1,C17693,C8490,736936C8490C17693
737011,U349@DOM1,C17693,C3601,737011C3601C17693
737055,U2837@DOM1,C17693,C1784,737055C1784C17693
737069,U2837@DOM1,C17693,C1784,737069C1784C17693
737075,U2837@DOM1,C17693,C1784,737075C1784C17693
737099,U2837@DOM1,C17693,C2519,737099C2519C17693
737108,U8946@DOM1,C17693,C11194,737108C11194C17693
737301,U2837@DOM1,C17693,C395,737301C395C17693
737761,U8946@DOM1,C17693,C10577,737761C10577C17693
737908,U8601@DOM1,C17693,C18872,737908C18872C17693
738382,U293@DOM1,C17693,C2597,738382C2597C17693
738711,U293@DOM1,C17693,C2609,738711C2609C17693
738916,U250@DOM1,C17693,C2849,738916C2849C17693
739092,U293@DOM1,C17693,C3422,739092C3422C17693
739214,U293@DOM1,C17693,C3153,739214C3153C17693
739398,U293@DOM1,C17693,C42,739398C42C17693
739706,U1600@DOM1,C17693,C92,739706C92C17693
739734,U1600@DOM1,C17693,C16088,739734C16088C17693
740104,U1600@DOM1,C17693,C92,740104C92C17693
740912,U349@DOM1,C17693,C886,740912C886C17693
740920,U349@DOM1,C17693,C886,740920C886C17693
741010,U8601@DOM1,C17693,C10817,741010C10817C17693
741190,U4353@DOM1,C17693,C15232,741190C15232C17693
741544,U349@DOM1,C17693,C801,741544C801C17693
741971,U4856@DOM1,C17693,C1015,741971C1015C17693
743030,U5087@DOM1,C17693,C1448,743030C1448C17693
743134,U5087@DOM1,C17693,C359,743134C359C17693
743223,U5087@DOM1,C17693,C21963,743223C21963C17693
743232,U5087@DOM1,C17693,C359,743232C359C17693
743403,U5087@DOM1,C17693,C21963,743403C21963C17693
743411,U5087@DOM1,C17693,C21963,743411C21963C17693
743502,U5087@DOM1,C17693,C1268,743502C1268C17693
743509,U5087@DOM1,C17693,C353,743509C353C17693
743733,U9763@DOM1,C17693,C353,743733C353C17693
743965,U9763@DOM1,C17693,C21814,743965C21814C17693
744145,U5087@DOM1,C17693,C21814,744145C21814C17693
744215,U795@DOM1,C17693,C10005,744215C10005C17693
744255,U5087@DOM1,C17693,C353,744255C353C17693
744902,U9947@DOM1,C17693,C20966,744902C20966C17693
745795,U9947@DOM1,C17693,C853,745795C853C17693
745961,U9947@DOM1,C17693,C853,745961C853C17693
746039,U9947@DOM1,C17693,C853,746039C853C17693
746078,U9947@DOM1,C17693,C923,746078C923C17693
746151,U882@DOM1,C17693,C11039,746151C11039C17693
746353,U882@DOM1,C17693,C1616,746353C1616C17693
746387,U8777@C583,C17693,C583,746387C583C17693
746595,U882@DOM1,C17693,C1616,746595C1616C17693
746638,U9947@DOM1,C17693,C346,746638C346C17693
746860,U9947@DOM1,C17693,C20203,746860C20203C17693
747001,U1450@DOM1,C17693,C12448,747001C12448C17693
747145,U9947@DOM1,C17693,C20203,747145C20203C17693
747163,U1450@DOM1,C17693,C12448,747163C12448C17693
747229,U8777@C583,C17693,C583,747229C583C17693
747247,U8777@C1500,C17693,C1500,747247C1500C17693
747259,U1450@DOM1,C17693,C12448,747259C12448C17693
747388,U9947@DOM1,C17693,C346,747388C346C17693
747457,U9947@DOM1,C17693,C1479,747457C1479C17693
747478,U8777@C3388,C17693,C3388,747478C3388C17693
747653,U1450@DOM1,C17693,C12448,747653C12448C17693
747939,U374@DOM1,C17693,C1461,747939C1461C17693
748041,U1450@DOM1,C17693,C1119,748041C1119C17693
748127,U2575@DOM1,C17693,C19156,748127C19156C17693
748207,U2575@DOM1,C17693,C19156,748207C19156C17693
748272,U1450@DOM1,C17693,C18113,748272C18113C17693
748397,U374@DOM1,C17693,C1461,748397C1461C17693
748428,U1450@DOM1,C17693,C18113,748428C18113C17693
748806,U9947@DOM1,C17693,C19803,748806C19803C17693
748860,U9947@DOM1,C17693,C17425,748860C17425C17693
749000,U9947@DOM1,C17693,C19803,749000C19803C17693
749054,U9947@DOM1,C17693,C19803,749054C19803C17693
749816,U3718@DOM1,C17693,C9692,749816C9692C17693
749823,U9947@DOM1,C17693,C7131,749823C7131C17693
750304,U2575@DOM1,C17693,C8172,750304C8172C17693
750307,U342@DOM1,C17693,C7503,750307C7503C17693
750419,U342@DOM1,C17693,C7503,750419C7503C17693
751373,U737@DOM1,C17693,C7597,751373C7597C17693
751918,U737@DOM1,C17693,C2578,751918C2578C17693
752606,U6572@DOM1,C17693,C90,752606C90C17693
752613,U737@DOM1,C17693,C21814,752613C21814C17693
752892,U2575@DOM1,C17693,C1477,752892C1477C17693
753250,U9763@DOM1,C17693,C21814,753250C21814C17693
753336,U162@DOM1,C17693,C4845,753336C4845C17693
754096,U162@DOM1,C17693,C3292,754096C3292C17693
754601,U2575@DOM1,C17693,C7597,754601C7597C17693
754921,U314@DOM1,C17693,C2914,754921C2914C17693
755200,U737@DOM1,C17693,C19356,755200C19356C17693
755904,U162@DOM1,C17693,C798,755904C798C17693
756149,U737@DOM1,C17693,C302,756149C302C17693
757235,U737@DOM1,C17693,C1125,757235C1125C17693
757456,U737@DOM1,C17693,C3437,757456C3437C17693
757625,U642@DOM1,C17693,C2648,757625C2648C17693
757755,U642@DOM1,C17693,C2648,757755C2648C17693
758430,U737@DOM1,C17693,C6513,758430C6513C17693
758915,U737@DOM1,C17693,C15197,758915C15197C17693
759396,U3635@DOM1,C17693,C17806,759396C17806C17693
760075,U1653@DOM1,C17693,C395,760075C395C17693
760132,U1653@DOM1,C17693,C754,760132C754C17693
760148,U1653@DOM1,C17693,C706,760148C706C17693
760168,U1653@DOM1,C17693,C231,760168C231C17693
760175,U1653@DOM1,C17693,C2669,760175C2669C17693
760196,U3635@DOM1,C17693,C16467,760196C16467C17693
760388,U342@DOM1,C17693,C6487,760388C6487C17693
760473,U342@DOM1,C17693,C6487,760473C6487C17693
760694,U342@DOM1,C17693,C113,760694C113C17693
760807,U3635@DOM1,C17693,C2816,760807C2816C17693
761028,U342@DOM1,C17693,C458,761028C458C17693
761039,U3635@DOM1,C17693,C21664,761039C21664C17693
761134,U3635@DOM1,C17693,C2085,761134C2085C17693
761173,U342@DOM1,C17693,C3586,761173C3586C17693
761524,U3635@DOM1,C17693,C19444,761524C19444C17693
762009,U3635@DOM1,C17693,C917,762009C917C17693
762157,U3635@DOM1,C17693,C917,762157C917C17693
762536,U3635@DOM1,C17693,C12682,762536C12682C17693
762568,U3635@DOM1,C17693,C12682,762568C12682C17693
762834,U3635@DOM1,C17693,C2091,762834C2091C17693
762845,U3635@DOM1,C17693,C1506,762845C1506C17693
763783,U3635@DOM1,C17693,C12512,763783C12512C17693
764106,U293@DOM1,C17693,C231,764106C231C17693
764120,U293@DOM1,C17693,C706,764120C706C17693
764133,U293@DOM1,C17693,C882,764133C882C17693
764140,U1480@DOM1,C17693,C881,764140C881C17693
764180,U1480@DOM1,C17693,C2388,764180C2388C17693
764249,U293@DOM1,C17693,C46,764249C46C17693
764281,U293@DOM1,C17693,C883,764281C883C17693
764284,U1480@DOM1,C17693,C1191,764284C1191C17693
764310,U1480@DOM1,C17693,C5653,764310C5653C17693
764405,U293@DOM1,C17693,C633,764405C633C17693
764522,U1480@DOM1,C17693,C1183,764522C1183C17693
764561,U293@DOM1,C17693,C2844,764561C2844C17693
764570,U1480@DOM1,C17693,C1776,764570C1776C17693
764595,U1480@DOM1,C17693,C464,764595C464C17693
764673,U293@DOM1,C17693,C5453,764673C5453C17693
764752,U293@DOM1,C17693,C4161,764752C4161C17693
764900,U293@DOM1,C17693,C513,764900C513C17693
764929,U1480@DOM1,C17693,C1,764929C1C17693
764943,U1480@DOM1,C17693,C1776,764943C1776C17693
765016,U293@DOM1,C17693,C1215,765016C1215C17693
765175,U293@DOM1,C17693,C2849,765175C2849C17693
765231,U1480@DOM1,C17693,C2012,765231C2012C17693
765278,U293@DOM1,C17693,C3455,765278C3455C17693
765488,U293@DOM1,C17693,C4159,765488C4159C17693
765776,U162@DOM1,C17693,C1006,765776C1006C17693
765788,U162@DOM1,C17693,C92,765788C92C17693
765805,U293@DOM1,C17693,C801,765805C801C17693
765817,U162@DOM1,C17693,C1022,765817C1022C17693
765934,U314@DOM1,C17693,C2914,765934C2914C17693
765960,U293@DOM1,C17693,C11039,765960C11039C17693
766132,U293@DOM1,C17693,C1737,766132C1737C17693
766150,U293@DOM1,C17693,C1710,766150C1710C17693
766164,U293@DOM1,C17693,C231,766164C231C17693
766183,U293@DOM1,C17693,C395,766183C395C17693
766534,U162@DOM1,C17693,C3435,766534C3435C17693
766588,U162@DOM1,C17693,C3435,766588C3435C17693
766788,U66@DOM1,C17693,C3435,766788C3435C17693
766846,U66@DOM1,C17693,C61,766846C61C17693
766879,U1164@DOM1,C17693,C2091,766879C2091C17693
767001,U66@DOM1,C17693,C307,767001C307C17693
767180,U66@DOM1,C17693,C3699,767180C3699C17693
767187,U2837@DOM1,C17693,C395,767187C395C17693
767195,U2837@DOM1,C17693,C2519,767195C2519C17693
767205,U2837@DOM1,C17693,C1784,767205C1784C17693
767225,U2837@DOM1,C17693,C1784,767225C1784C17693
767233,U2837@DOM1,C17693,C8490,767233C8490C17693
767238,U2837@DOM1,C17693,C1484,767238C1484C17693
767246,U2837@DOM1,C17693,C89,767246C89C17693
767288,U66@DOM1,C17693,C3755,767288C3755C17693
767289,U7394@DOM1,C17693,C492,767289C492C17693
767300,U7394@DOM1,C17693,C1797,767300C1797C17693
767320,U7394@DOM1,C17693,C1797,767320C1797C17693
767445,U4353@DOM1,C17693,C801,767445C801C17693
767813,U66@DOM1,C17693,C2944,767813C2944C17693
767865,U4353@DOM1,C17693,C2519,767865C2519C17693
767944,U4353@DOM1,C17693,C17636,767944C17636C17693
768006,U1048@DOM1,C17693,C12320,768006C12320C17693
768058,U4353@DOM1,C17693,C17636,768058C17636C17693
768162,U4353@DOM1,C17693,C18190,768162C18190C17693
768220,U4353@DOM1,C17693,C18190,768220C18190C17693
768373,U4353@DOM1,C17693,C21349,768373C21349C17693
768404,U66@DOM1,C17693,C2196,768404C2196C17693
768546,U4353@DOM1,C17693,C17860,768546C17860C17693
768556,U66@DOM1,C17693,C306,768556C306C17693
768634,U66@DOM1,C17693,C306,768634C306C17693
768636,U5254@DOM1,C17693,C12320,768636C12320C17693
768646,U4353@DOM1,C17693,C17636,768646C17636C17693
768664,U4353@DOM1,C17693,C17636,768664C17636C17693
768685,U4353@DOM1,C17693,C17776,768685C17776C17693
768742,U66@DOM1,C17693,C1944,768742C1944C17693
768832,U995@DOM1,C17693,C3173,768832C3173C17693
768847,U995@DOM1,C17693,C2058,768847C2058C17693
769022,U8601@DOM1,C17693,C636,769022C636C17693
769067,U1048@DOM1,C17693,C2846,769067C2846C17693
769069,U5254@DOM1,C17693,C636,769069C636C17693
769094,U66@DOM1,C17693,C1732,769094C1732C17693
769149,U1048@DOM1,C17693,C2846,769149C2846C17693
769352,U66@DOM1,C17693,C1028,769352C1028C17693
769431,U1048@DOM1,C17693,C231,769431C231C17693
769440,U1048@DOM1,C17693,C706,769440C706C17693
769461,U1048@DOM1,C17693,C7464,769461C7464C17693
769507,U66@DOM1,C17693,C1823,769507C1823C17693
769626,U1048@DOM1,C17693,C13713,769626C13713C17693
769638,U66@DOM1,C17693,C779,769638C779C17693
769751,U66@DOM1,C17693,C3305,769751C3305C17693
769822,U1048@DOM1,C17693,C20455,769822C20455C17693
769933,U66@DOM1,C17693,C1952,769933C1952C17693
770056,U66@DOM1,C17693,C2388,770056C2388C17693
770115,U7375@DOM1,C17693,C2519,770115C2519C17693
770138,U737@DOM1,C17693,C7597,770138C7597C17693
770222,U9763@DOM1,C17693,C11178,770222C11178C17693
770387,U7375@DOM1,C17693,C1415,770387C1415C17693
770512,U4448@DOM1,C17693,C11178,770512C11178C17693
770601,U7375@DOM1,C17693,C636,770601C636C17693
770651,U66@DOM1,C17693,C765,770651C765C17693
770726,U7375@DOM1,C17693,C7782,770726C7782C17693
770816,U66@DOM1,C17693,C92,770816C92C17693
770870,U7375@DOM1,C17693,C21946,770870C21946C17693
770932,U7375@DOM1,C17693,C143,770932C143C17693
770950,U66@DOM1,C17693,C742,770950C742C17693
771133,U7375@DOM1,C17693,C1626,771133C1626C17693
771134,U4448@DOM1,C17693,C1555,771134C1555C17693
771340,U9763@DOM1,C17693,C353,771340C353C17693
771380,U9763@DOM1,C17693,C1089,771380C1089C17693
771393,U9763@DOM1,C17693,C2057,771393C2057C17693
771401,U9763@DOM1,C17693,C1503,771401C1503C17693
771443,U4448@DOM1,C17693,C1503,771443C1503C17693
771463,U4448@DOM1,C17693,C400,771463C400C17693
771615,U4448@DOM1,C17693,C2519,771615C2519C17693
771631,U4448@DOM1,C17693,C1549,771631C1549C17693
772253,U66@DOM1,C17693,C5653,772253C5653C17693
772715,U66@DOM1,C17693,C5653,772715C5653C17693
772864,U66@DOM1,C17693,C398,772864C398C17693
772906,U218@DOM1,C17693,C3755,772906C3755C17693
772934,U218@DOM1,C17693,C2079,772934C2079C17693
772964,U218@DOM1,C17693,C1936,772964C1936C17693
773143,U4112@DOM1,C17693,C1611,773143C1611C17693
773153,U4112@DOM1,C17693,C3758,773153C3758C17693
773270,U4978@DOM1,C17693,C12116,773270C12116C17693
773387,U4978@DOM1,C17693,C1438,773387C1438C17693
773961,U66@DOM1,C17693,C765,773961C765C17693
774180,U66@DOM1,C17693,C1710,774180C1710C17693
774214,U66@DOM1,C17693,C1966,774214C1966C17693
774452,U66@DOM1,C17693,C2388,774452C2388C17693
774492,U162@DOM1,C17693,C2388,774492C2388C17693
774514,U218@DOM1,C17693,C2388,774514C2388C17693
830548,U1653@DOM1,C22409,C754,830548C754C22409
830548,U1653@DOM1,C22409,C754,830548C754C22409
830548,U1653@DOM1,C22409,C754,830548C754C22409
830548,U1653@DOM1,C22409,C754,830548C754C22409
830548,U1653@DOM1,C22409,C754,830548C754C22409
830550,U1653@DOM1,C22409,C754,830550C754C22409
830578,U1653@DOM1,C22409,C754,830578C754C22409
830578,U1653@DOM1,C22409,C754,830578C754C22409
830578,U1653@DOM1,C22409,C754,830578C754C22409
830578,U1653@DOM1,C22409,C754,830578C754C22409
830580,U1653@DOM1,C22409,C754,830580C754C22409
830580,U1653@DOM1,C22409,C754,830580C754C22409
830822,U1653@DOM1,C22409,C754,830822C754C22409
830822,U1653@DOM1,C22409,C754,830822C754C22409
830822,U1653@DOM1,C22409,C754,830822C754C22409
1066394,U66@DOM1,C17693,C3610,1066394C3610C17693
1066725,U66@DOM1,C17693,C881,1066725C881C17693
1066734,U66@DOM1,C17693,C1482,1066734C1482C17693
1066786,U66@DOM1,C17693,C2388,1066786C2388C17693
1068312,U12@DOM1,C17693,C366,1068312C366C17693
1068390,U66@DOM1,C17693,C3813,1068390C3813C17693
1068507,U66@DOM1,C17693,C4610,1068507C4610C17693
1068638,U66@DOM1,C17693,C626,1068638C626C17693
1068692,U66@DOM1,C17693,C626,1068692C626C17693
1068753,U66@DOM1,C17693,C626,1068753C626C17693
1068810,U66@DOM1,C17693,C1191,1068810C1191C17693
1068887,U12@DOM1,C17693,C368,1068887C368C17693
1069035,U66@DOM1,C17693,C1006,1069035C1006C17693
1069965,U66@DOM1,C17693,C3755,1069965C3755C17693
1070004,U1723@DOM1,C17693,C1438,1070004C1438C17693
1070020,U1723@DOM1,C17693,C1438,1070020C1438C17693
1070026,U1723@DOM1,C17693,C1438,1070026C1438C17693
1070066,U4448@DOM1,C17693,C1438,1070066C1438C17693
1070076,U4448@DOM1,C17693,C1438,1070076C1438C17693
1070100,U5254@DOM1,C17693,C1438,1070100C1438C17693
1070107,U66@DOM1,C17693,C398,1070107C398C17693
1070146,U3635@DOM1,C17693,C1438,1070146C1438C17693
1070182,U2575@DOM1,C17693,C1438,1070182C1438C17693
1070204,U4112@DOM1,C17693,C1438,1070204C1438C17693
1070442,U342@DOM1,C17693,C2519,1070442C2519C17693
1070496,U342@DOM1,C17693,C2519,1070496C2519C17693
1071248,U66@DOM1,C17693,C5653,1071248C5653C17693
1071508,U13@DOM1,C17693,C430,1071508C430C17693
1071580,U12@DOM1,C17693,C368,1071580C368C17693
1072230,U13@DOM1,C17693,C3288,1072230C3288C17693
1072237,U66@DOM1,C17693,C92,1072237C92C17693
1072316,U1289@DOM1,C17693,C2519,1072316C2519C17693
1072375,U66@DOM1,C17693,C5653,1072375C5653C17693
1072432,U2575@DOM1,C17693,C2519,1072432C2519C17693
1072444,U1289@DOM1,C17693,C2519,1072444C2519C17693
1072594,U218@DOM1,C17693,C3288,1072594C3288C17693
1072660,U3277@C2519,C17693,C2519,1072660C2519C17693
1072662,U66@DOM1,C17693,C3288,1072662C3288C17693
1072710,U342@DOM1,C17693,C2519,1072710C2519C17693
1072860,U342@DOM1,C17693,C2519,1072860C2519C17693
1072904,U66@DOM1,C17693,C849,1072904C849C17693
1072952,U1519@DOM1,C17693,C849,1072952C849C17693
1072980,U66@DOM1,C17693,C1737,1072980C1737C17693
1072989,U66@DOM1,C17693,C2012,1072989C2012C17693
1072998,U7761@C2519,C17693,C2519,1072998C2519C17693
1072998,U66@DOM1,C17693,C2079,1072998C2079C17693
1073108,U66@DOM1,C17693,C102,1073108C102C17693
1073709,U66@DOM1,C17693,C1042,1073709C1042C17693
1073778,U7004@C2519,C17693,C2519,1073778C2519C17693
1073810,U7761@C2519,C17693,C2519,1073810C2519C17693
1073892,U4448@DOM1,C17693,C22275,1073892C22275C17693
1073973,U66@DOM1,C17693,C92,1073973C92C17693
1074074,U66@DOM1,C17693,C1944,1074074C1944C17693
1074146,U66@DOM1,C17693,C1737,1074146C1737C17693
1074158,U66@DOM1,C17693,C2079,1074158C2079C17693
1074182,U66@DOM1,C17693,C1964,1074182C1964C17693
1074395,U66@DOM1,C17693,C1961,1074395C1961C17693
1074512,U66@DOM1,C17693,C423,1074512C423C17693
1074519,U218@DOM1,C17693,C92,1074519C92C17693
1074529,U218@DOM1,C17693,C92,1074529C92C17693
1074543,U218@DOM1,C17693,C92,1074543C92C17693
1074590,U218@DOM1,C17693,C5653,1074590C5653C17693
1074741,U66@DOM1,C17693,C1936,1074741C1936C17693
1074754,U66@DOM1,C17693,C1737,1074754C1737C17693
1074902,U66@DOM1,C17693,C2388,1074902C2388C17693
1074927,U66@DOM1,C17693,C3380,1074927C3380C17693
1074955,U66@DOM1,C17693,C3635,1074955C3635C17693
1074964,U66@DOM1,C17693,C2388,1074964C2388C17693
1075026,U207@DOM1,C17693,C2388,1075026C2388C17693
1075076,U162@DOM1,C17693,C2388,1075076C2388C17693
1075096,U1145@DOM1,C17693,C2388,1075096C2388C17693
1075114,U453@DOM1,C17693,C2388,1075114C2388C17693
1075158,U1480@DOM1,C17693,C2388,1075158C2388C17693
1075345,U66@DOM1,C17693,C452,1075345C452C17693
1075356,U66@DOM1,C17693,C1015,1075356C1015C17693
1075370,U66@DOM1,C17693,C22174,1075370C22174C17693
1075526,U9263@DOM1,C17693,C1015,1075526C1015C17693
1075605,U66@DOM1,C17693,C5439,1075605C5439C17693
1075609,U66@DOM1,C17693,C5439,1075609C5439C17693
1075721,U66@DOM1,C17693,C4106,1075721C4106C17693
1075884,U20@DOM1,C17693,C368,1075884C368C17693
1075914,U66@DOM1,C17693,C368,1075914C368C17693
1075935,U66@DOM1,C17693,C5343,1075935C5343C17693
1075980,U12@DOM1,C17693,C368,1075980C368C17693
1076286,U66@DOM1,C17693,C1482,1076286C1482C17693
1076295,U66@DOM1,C17693,C881,1076295C881C17693
1076311,U66@DOM1,C17693,C2013,1076311C2013C17693
1076662,U1480@DOM1,C17693,C2388,1076662C2388C17693
1076742,U453@DOM1,C17693,C2388,1076742C2388C17693
1076776,U162@DOM1,C17693,C2388,1076776C2388C17693
1076812,U207@DOM1,C17693,C2388,1076812C2388C17693
1077008,U66@DOM1,C17693,C2388,1077008C2388C17693
1077014,U66@DOM1,C17693,C2388,1077014C2388C17693
1077018,U66@DOM1,C17693,C2388,1077018C2388C17693
1077024,U66@DOM1,C17693,C2388,1077024C2388C17693
1077048,U7507@DOM1,C17693,C486,1077048C486C17693
1077076,U415@DOM1,C17693,C486,1077076C486C17693
1077140,U218@DOM1,C17693,C1710,1077140C1710C17693
1077169,U415@DOM1,C17693,C1570,1077169C1570C17693
1077228,U218@DOM1,C17693,C2079,1077228C2079C17693
1077256,U218@DOM1,C17693,C2388,1077256C2388C17693
1077293,U218@DOM1,C17693,C1936,1077293C1936C17693
1077500,U1145@DOM1,C17693,C2388,1077500C2388C17693
1077516,U1145@DOM1,C17693,C1737,1077516C1737C17693
1077530,U1145@DOM1,C17693,C2877,1077530C2877C17693
1077579,U1145@DOM1,C17693,C3019,1077579C3019C17693
1077589,U1145@DOM1,C17693,C115,1077589C115C17693
1077598,U1145@DOM1,C17693,C307,1077598C307C17693
1077746,U1145@DOM1,C17693,C2877,1077746C2877C17693
1077864,U1145@DOM1,C17693,C2877,1077864C2877C17693
1077992,U1145@DOM1,C17693,C3173,1077992C3173C17693
1078024,U415@DOM1,C17693,C3173,1078024C3173C17693
1078070,U1569@DOM1,C17693,C3019,1078070C3019C17693
1078099,U1145@DOM1,C17693,C3019,1078099C3019C17693
1078108,U415@DOM1,C17693,C1906,1078108C1906C17693
1078155,U1581@DOM1,C17693,C3019,1078155C3019C17693
1078163,U6764@DOM1,C17693,C3019,1078163C3019C17693
1078177,U66@DOM1,C17693,C3019,1078177C3019C17693
1078582,U1789@DOM1,C17693,C3019,1078582C3019C17693
1079716,U66@DOM1,C17693,C22174,1079716C22174C17693
1079728,U66@DOM1,C17693,C22176,1079728C22176C17693
1079836,U66@DOM1,C17693,C553,1079836C553C17693
1079852,U66@DOM1,C17693,C3888,1079852C3888C17693
1079871,U66@DOM1,C17693,C2013,1079871C2013C17693
1079883,U66@DOM1,C17693,C1085,1079883C1085C17693
1079893,U66@DOM1,C17693,C881,1079893C881C17693
1079904,U66@DOM1,C17693,C243,1079904C243C17693
1079916,U66@DOM1,C17693,C4403,1079916C4403C17693
1079926,U66@DOM1,C17693,C798,1079926C798C17693
1080030,U66@DOM1,C17693,C5111,1080030C5111C17693
1080147,U66@DOM1,C17693,C506,1080147C506C17693
1080418,U66@DOM1,C17693,C429,1080418C429C17693
1080494,U7507@DOM1,C17693,C16401,1080494C16401C17693
1080552,U66@DOM1,C17693,C3610,1080552C3610C17693
1080926,U66@DOM1,C17693,C1096,1080926C1096C17693
1081539,U6691@DOM1,C17693,C1936,1081539C1936C17693
1081550,U6691@DOM1,C17693,C2079,1081550C2079C17693
1081595,U1723@DOM1,C17693,C2519,1081595C2519C17693
1081625,U1723@DOM1,C17693,C2519,1081625C2519C17693
1081727,U1289@DOM1,C17693,C17640,1081727C17640C17693
1081806,U1450@DOM1,C17693,C1268,1081806C1268C17693
1081813,U1289@DOM1,C17693,C17640,1081813C17640C17693
1081970,U1450@DOM1,C17693,C1268,1081970C1268C17693
1082081,U1289@DOM1,C17693,C3758,1082081C3758C17693
1082091,U1450@DOM1,C17693,C1268,1082091C1268C17693
1082118,U1450@DOM1,C17693,C1268,1082118C1268C17693
1082123,U66@DOM1,C17693,C3758,1082123C3758C17693
1082244,U66@DOM1,C17693,C2254,1082244C2254C17693
1086525,U3635@DOM1,C17693,C8209,1086525C8209C17693
1086539,U3635@DOM1,C17693,C8209,1086539C8209C17693
1086678,U78@DOM1,C17693,C1581,1086678C1581C17693
1086690,U78@DOM1,C17693,C1581,1086690C1581C17693
1087158,U3005@DOM1,C17693,C1737,1087158C1737C17693
1087189,U3005@DOM1,C17693,C1936,1087189C1936C17693
1087878,U3005@DOM1,C17693,C423,1087878C423C17693
1087928,U3005@DOM1,C17693,C2079,1087928C2079C17693
1088437,U3005@DOM1,C17693,C1936,1088437C1936C17693
1089101,U3005@DOM1,C17693,C1936,1089101C1936C17693
1089306,U3005@DOM1,C17693,C1944,1089306C1944C17693
1089536,U1133@DOM1,C17693,C2012,1089536C2012C17693
1089597,U737@DOM1,C19932,C586,1089597C586C19932
1089603,U9263@DOM1,C17693,C1015,1089603C1015C17693
1089642,U3005@DOM1,C17693,C2012,1089642C2012C17693
1089975,U9263@DOM1,C17693,C1015,1089975C1015C17693
1090079,U9263@DOM1,C17693,C1015,1090079C1015C17693
1090503,U8601@DOM1,C17693,C636,1090503C636C17693
1090581,U8601@DOM1,C17693,C20819,1090581C20819C17693
1090599,U8601@DOM1,C17693,C20819,1090599C20819C17693
1090929,U8601@DOM1,C17693,C20819,1090929C20819C17693
1092177,U3005@DOM1,C17693,C3629,1092177C3629C17693
1092406,U3486@DOM1,C22409,C457,1092406C457C22409
1093668,U4448@DOM1,C17693,C1224,1093668C1224C17693
1093723,U3486@DOM1,C22409,C467,1093723C467C22409
1093884,U4448@DOM1,C17693,C1224,1093884C1224C17693
1093906,U4448@DOM1,C17693,C1224,1093906C1224C17693
1094470,U2231@DOM1,C17693,C3249,1094470C3249C17693
1094497,U2231@DOM1,C17693,C1438,1094497C1438C17693
1095235,U2231@DOM1,C17693,C1432,1095235C1432C17693
1095555,U3005@DOM1,C17693,C3629,1095555C3629C17693
1095655,U3005@DOM1,C17693,C506,1095655C506C17693
1095678,U3005@DOM1,C17693,C849,1095678C849C17693
1095686,U3005@DOM1,C17693,C965,1095686C965C17693
1095697,U3005@DOM1,C17693,C246,1095697C246C17693
1095704,U3005@DOM1,C17693,C477,1095704C477C17693
1095729,U3005@DOM1,C17693,C3635,1095729C3635C17693
1095736,U3005@DOM1,C17693,C687,1095736C687C17693
1095853,U3005@DOM1,C17693,C1319,1095853C1319C17693
1095893,U3005@DOM1,C17693,C8209,1095893C8209C17693
1095907,U3005@DOM1,C17693,C8209,1095907C8209C17693
1096005,U3005@DOM1,C17693,C3303,1096005C3303C17693
1096265,U3005@DOM1,C17693,C1737,1096265C1737C17693
1096446,U2575@DOM1,C17693,C5618,1096446C5618C17693
1096467,U3005@DOM1,C17693,C2079,1096467C2079C17693
1096474,U2231@DOM1,C17693,C5618,1096474C5618C17693
1096483,U2231@DOM1,C17693,C5618,1096483C5618C17693
1098904,U3005@DOM1,C17693,C2604,1098904C2604C17693
1099075,U1133@DOM1,C17693,C3635,1099075C3635C17693
1099219,U7507@DOM1,C17693,C1015,1099219C1015C17693
1099237,U7507@DOM1,C17693,C1015,1099237C1015C17693
1099689,U1592@DOM1,C17693,C3758,1099689C3758C17693
1099711,U1592@DOM1,C17693,C1382,1099711C1382C17693
1099725,U1592@DOM1,C17693,C20677,1099725C20677C17693
1099816,U1592@DOM1,C17693,C18464,1099816C18464C17693
1100031,U7507@DOM1,C17693,C4773,1100031C4773C17693
1100071,U7507@DOM1,C17693,C1015,1100071C1015C17693
1100193,U7507@DOM1,C17693,C1015,1100193C1015C17693
1100280,U1592@DOM1,C17693,C395,1100280C395C17693
1100293,U1592@DOM1,C17693,C395,1100293C395C17693
1101313,U7507@DOM1,C17693,C486,1101313C486C17693
1152460,U1025@DOM1,C17693,C338,1152460C338C17693
1152644,U1025@DOM1,C17693,C338,1152644C338C17693
1153024,U1025@DOM1,C17693,C1046,1153024C1046C17693
1153118,U1025@DOM1,C17693,C1046,1153118C1046C17693
1153716,U1025@DOM1,C17693,C1046,1153716C1046C17693
1155729,U1025@DOM1,C17693,C3597,1155729C3597C17693
1161953,U3005@DOM1,C17693,C78,1161953C78C17693
1161982,U3005@DOM1,C17693,C52,1161982C52C17693
1161992,U3005@DOM1,C17693,C1302,1161992C1302C17693
1162004,U3005@DOM1,C17693,C1887,1162004C1887C17693
1162994,U9263@DOM1,C17693,C1015,1162994C1015C17693
1163138,U9263@DOM1,C17693,C1015,1163138C1015C17693
1163160,U66@DOM1,C17693,C2388,1163160C2388C17693
1163172,U66@DOM1,C17693,C3610,1163172C3610C17693
1163440,U7507@DOM1,C17693,C1015,1163440C1015C17693
1165092,U66@DOM1,C17693,C3610,1165092C3610C17693
1165480,U737@DOM1,C19932,C625,1165480C625C19932
1165923,U66@DOM1,C17693,C155,1165923C155C17693
1166288,U66@DOM1,C17693,C2388,1166288C2388C17693
1166301,U66@DOM1,C17693,C429,1166301C429C17693
1166320,U66@DOM1,C17693,C3170,1166320C3170C17693
1166589,U2575@DOM1,C17693,C10,1166589C10C17693
1166916,U737@C10,C17693,C10,1166916C10C17693
1167125,U86@C10,C17693,C10,1167125C10C17693
1167151,U86@C10,C17693,C10,1167151C10C17693
1167193,U86@C10,C17693,C10,1167193C10C17693
1167547,U66@DOM1,C17693,C423,1167547C423C17693
1167670,U66@DOM1,C17693,C2079,1167670C2079C17693
1167688,U1133@DOM1,C17693,C2079,1167688C2079C17693
1167720,U1133@DOM1,C17693,C2079,1167720C2079C17693
1167801,U1133@DOM1,C17693,C1936,1167801C1936C17693
1167994,U66@DOM1,C17693,C3037,1167994C3037C17693
1168077,U66@DOM1,C17693,C1509,1168077C1509C17693
1168100,U66@DOM1,C17693,C92,1168100C92C17693
1170101,U1653@DOM1,C22409,C754,1170101C754C22409
1170101,U1653@DOM1,C22409,C754,1170101C754C22409
1170101,U1653@DOM1,C22409,C754,1170101C754C22409
1170581,U1653@DOM1,C22409,C754,1170581C754C22409
1170581,U1653@DOM1,C22409,C754,1170581C754C22409
1170581,U1653@DOM1,C22409,C754,1170581C754C22409
1170581,U1653@DOM1,C22409,C754,1170581C754C22409
1170583,U1653@DOM1,C22409,C754,1170583C754C22409
1170583,U1653@DOM1,C22409,C754,1170583C754C22409
1171486,U3005@DOM1,C17693,C1887,1171486C1887C17693
1172487,U2758@DOM1,C17693,C10405,1172487C10405C17693
1172817,U3635@DOM1,C17693,C22766,1172817C22766C17693
1174646,U2575@DOM1,C17693,C8751,1174646C8751C17693
1175047,U9407@DOM1,C17693,C96,1175047C96C17693
1176661,U737@DOM1,C17693,C385,1176661C385C17693
1177633,U737@DOM1,C17693,C3491,1177633C3491C17693
1177653,U24@DOM1,C17693,C3491,1177653C3491C17693
1177987,U3005@DOM1,C17693,C1710,1177987C1710C17693
1178086,U24@DOM1,C17693,C2378,1178086C2378C17693
1178149,U24@DOM1,C17693,C4934,1178149C4934C17693
1178234,U3635@DOM1,C17693,C8209,1178234C8209C17693
1178267,U66@DOM1,C17693,C1710,1178267C1710C17693
1178388,U24@DOM1,C17693,C1581,1178388C1581C17693
1178788,U3005@DOM1,C17693,C1810,1178788C1810C17693
1178955,U9263@DOM1,C17693,C828,1178955C828C17693
1179107,U1581@DOM1,C17693,C115,1179107C115C17693
1179121,U1581@DOM1,C17693,C1006,1179121C1006C17693
1179228,U1569@DOM1,C17693,C1632,1179228C1632C17693
1179410,U7507@DOM1,C17693,C1015,1179410C1015C17693
1179553,U655@DOM1,C17693,C3037,1179553C3037C17693
1179589,U655@DOM1,C17693,C1710,1179589C1710C17693
1179625,U66@DOM1,C17693,C3758,1179625C3758C17693
1179675,U4448@DOM1,C17693,C9006,1179675C9006C17693
1179969,U86@DOM1,C17693,C395,1179969C395C17693
1180104,U86@DOM1,C17693,C395,1180104C395C17693
1180895,U3549@DOM1,C17693,C457,1180895C457C17693
1181043,U3549@DOM1,C17693,C586,1181043C586C17693
1181615,U3549@DOM1,C17693,C529,1181615C529C17693
1181653,U3549@DOM1,C17693,C528,1181653C528C17693
1181672,U3549@DOM1,C17693,C528,1181672C528C17693
1181709,U3549@DOM1,C17693,C625,1181709C625C17693
1182115,U3549@DOM1,C17693,C528,1182115C528C17693
1184027,U86@DOM1,C17693,C395,1184027C395C17693
1184399,U8170@DOM1,C17693,C313,1184399C313C17693
1184445,U8170@DOM1,C17693,C313,1184445C313C17693
1184507,U86@DOM1,C17693,C395,1184507C395C17693
1184879,U86@DOM1,C17693,C395,1184879C395C17693
1233528,U8946@DOM1,C17693,C19038,1233528C19038C17693
1233528,U8946@DOM1,C17693,C19038,1233528C19038C17693
1233528,U8168@C19038,C17693,C19038,1233528C19038C17693
1233528,U8168@C19038,C17693,C19038,1233528C19038C17693
1233528,U8168@C19038,C17693,C19038,1233528C19038C17693
1233528,U8946@DOM1,C17693,C19038,1233528C19038C17693
1233528,U8946@DOM1,C17693,C19038,1233528C19038C17693
1233528,U8946@DOM1,C17693,C19038,1233528C19038C17693
1233528,U8946@DOM1,C17693,C19038,1233528C19038C17693
1233528,U8946@DOM1,C17693,C19038,1233528C19038C17693
1233528,U8946@DOM1,C17693,C19038,1233528C19038C17693
1233528,U8946@DOM1,C17693,C19038,1233528C19038C17693
1241392,U825@DOM1,C17693,C2669,1241392C2669C17693
1242383,U8170@DOM1,C17693,C313,1242383C313C17693
1243515,U1506@DOM1,C17693,C2388,1243515C2388C17693
1243526,U1506@DOM1,C17693,C423,1243526C423C17693
1243550,U1506@DOM1,C17693,C3610,1243550C3610C17693
1243561,U1506@DOM1,C17693,C92,1243561C92C17693
1243623,U7594@DOM1,C17693,C16563,1243623C16563C17693
1244616,U114@DOM1,C17693,C3610,1244616C3610C17693
1244667,U114@DOM1,C17693,C2388,1244667C2388C17693
1244695,U114@DOM1,C17693,C1710,1244695C1710C17693
1245222,U1106@DOM1,C17693,C4554,1245222C4554C17693
1245398,U1106@DOM1,C17693,C21919,1245398C21919C17693
1245678,U3575@DOM1,C17693,C5030,1245678C5030C17693
1246243,U3206@DOM1,C17693,C8585,1246243C8585C17693
1246511,U8777@DOM1,C17693,C1710,1246511C1710C17693
1246653,U114@DOM1,C17693,C1710,1246653C1710C17693
1251013,U3549@DOM1,C17693,C1887,1251013C1887C17693
1251033,U3549@DOM1,C17693,C1887,1251033C1887C17693
1251067,U3549@DOM1,C17693,C586,1251067C586C17693
1251573,U3549@DOM1,C17693,C457,1251573C457C17693
1253697,U3549@DOM1,C17693,C457,1253697C457C17693
1254446,U227@DOM1,C17693,C177,1254446C177C17693
1255347,U3549@DOM1,C17693,C457,1255347C457C17693
1328198,U737@DOM1,C19932,C467,1328198C467C19932
1328340,U86@DOM1,C17693,C395,1328340C395C17693
1328400,U86@DOM1,C17693,C395,1328400C395C17693
1328481,U86@DOM1,C17693,C395,1328481C395C17693
1351641,U8168@C685,C17693,C685,1351641C685C17693
1351661,U8168@C685,C17693,C685,1351661C685C17693
1351845,U8168@C685,C17693,C685,1351845C685C17693
1352110,U679@DOM1,C17693,C1980,1352110C1980C17693
1353700,U8777@C3388,C17693,C3388,1353700C3388C17693
1353706,U8777@C3388,C17693,C3388,1353706C3388C17693
1353975,U8777@C3388,C17693,C3388,1353975C3388C17693
1355036,U8777@C3388,C17693,C3388,1355036C3388C17693
1355106,U8777@C1500,C17693,C1500,1355106C1500C17693
1355621,U24@DOM1,C17693,C3435,1355621C3435C17693
1356094,U679@DOM1,C17693,C1980,1356094C1980C17693
1358383,U7311@DOM1,C17693,C977,1358383C977C17693
1358404,U7311@DOM1,C17693,C977,1358404C977C17693
1359668,U7507@DOM1,C17693,C486,1359668C486C17693
1359680,U7507@DOM1,C17693,C1015,1359680C1015C17693
1359792,U415@DOM1,C17693,C486,1359792C486C17693
1361496,U8170@DOM1,C17693,C1269,1361496C1269C17693
1361921,U524@DOM1,C17693,C15,1361921C15C17693
1362045,U524@DOM1,C17693,C15,1362045C15C17693
1362624,U8840@DOM1,C17693,C370,1362624C370C17693
1363252,U1306@DOM1,C17693,C791,1363252C791C17693
1363492,U415@DOM1,C17693,C486,1363492C486C17693
1758226,U737@DOM1,C19932,C467,1758226C467C19932
1847858,U66@DOM1,C17693,C2725,1847858C2725C17693
1847888,U66@DOM1,C17693,C2725,1847888C2725C17693
1847922,U66@DOM1,C17693,C2725,1847922C2725C17693
1852419,U3764@DOM1,C17693,C9723,1852419C9723C17693
1931895,U737@DOM1,C19932,C612,1931895C612C19932
2296175,U212@DOM1,C17693,C126,2296175C126C17693
2296329,U293@DOM1,C17693,C3422,2296329C3422C17693
2296449,U8601@DOM1,C17693,C10817,2296449C10817C17693
2297658,U5087@DOM1,C17693,C1448,2297658C1448C17693
2297696,U4978@DOM1,C17693,C1448,2297696C1448C17693
2300154,U1467@C3597,C17693,C3597,2300154C3597C17693
2301630,U3005@DOM1,C17693,C3629,2301630C3629C17693
2301831,U342@DOM1,C17693,C2519,2301831C2519C17693
2303049,U3005@DOM1,C17693,C2012,2303049C2012C17693
2303227,U3005@DOM1,C17693,C1936,2303227C1936C17693
2303390,U3005@DOM1,C17693,C3380,2303390C3380C17693
2303505,U3406@DOM1,C17693,C8209,2303505C8209C17693
2303559,U3005@DOM1,C17693,C8209,2303559C8209C17693
2303788,U10379@C3521,C17693,C3521,2303788C3521C17693
2303870,U995@DOM1,C17693,C1014,2303870C1014C17693
2304805,U1600@DOM1,C17693,C16088,2304805C16088C17693
2304891,U66@DOM1,C17693,C3288,2304891C3288C17693
2304904,U5087@DOM1,C17693,C21963,2304904C21963C17693
2304959,U5087@DOM1,C17693,C1268,2304959C1268C17693
2305081,U795@DOM1,C17693,C10005,2305081C10005C17693
2305203,U12@DOM1,C17693,C368,2305203C368C17693
2305324,U12@DOM1,C17693,C366,2305324C366C17693
2305554,U4448@DOM1,C17693,C1555,2305554C1555C17693
2305762,U1048@DOM1,C17693,C12320,2305762C12320C17693
2306980,U6572@DOM1,C17693,C90,2306980C90C17693
2307167,U737@DOM1,C17693,C2578,2307167C2578C17693
2364275,U4978@DOM1,C17693,C1448,2364275C1448C17693
2365209,U8777@C583,C17693,C583,2365209C583C17693
2367407,U66@DOM1,C17693,C3699,2367407C3699C17693
2370126,U66@DOM1,C17693,C5653,2370126C5653C17693
2370254,U374@DOM1,C17693,C1461,2370254C1461C17693
2372194,U66@DOM1,C17693,C626,2372194C626C17693
2372551,U66@DOM1,C17693,C626,2372551C626C17693
2373636,U1145@DOM1,C17693,C2877,2373636C2877C17693
2383984,U737@DOM1,C19932,C529,2383984C529C19932
2461523,U3718@DOM1,C17693,C9692,2461523C9692C17693
2461523,U3718@DOM1,C17693,C9692,2461523C9692C17693
2468190,U737@DOM1,C19932,C457,2468190C457C19932
2536079,U737@DOM1,C19932,C625,2536079C625C19932
2550137,U737@DOM1,C19932,C108,2550137C108C19932
2550446,U737@DOM1,C19932,C108,2550446C108C19932
2551401,U737@DOM1,C19932,C108,2551401C108C19932
2551501,U737@DOM1,C19932,C108,2551501C108C19932
2551583,U737@DOM1,C19932,C108,2551583C108C19932
2552687,U9263@DOM1,C17693,C828,2552687C828C17693
2552687,U9263@DOM1,C17693,C828,2552687C828C17693
2552687,U9263@DOM1,C17693,C828,2552687C828C17693
2552687,U9263@DOM1,C17693,C828,2552687C828C17693
2552687,U655@DOM1,C17693,C828,2552687C828C17693
2552687,U655@DOM1,C17693,C828,2552687C828C17693
2552687,U655@DOM1,C17693,C828,2552687C828C17693
2552687,U655@DOM1,C17693,C828,2552687C828C17693
2552687,U655@DOM1,C17693,C828,2552687C828C17693
2557047,U737@DOM1,C19932,C108,2557047C108C19932
